Tarih;Saat;Toplam(MWh);Rüzgar(MWh);Jeotermal(MWh);Rezervuarlı(MWh) ;Kanal Tipi(MWh);Nehir Tipi(MWh);Çöp Gazı(MWh);Biyogaz(MWh);Güneş(MWh);Biyokütle(MWh);Diğer(MWh)
01.12.2025;00:00;3.873,80;1.397,79;1.011,80;300,39;159,57;2,10;70,09;1,10;0,00;906,10;24,86
01.12.2025;01:00;3.927,34;1.481,94;1.010,81;276,28;156,64;2,10;68,52;1,04;0,00;905,01;25,00
01.12.2025;02:00;3.812,16;1.407,69;1.010,02;286,06;112,30;2,10;66,66;0,95;0,00;901,38;25,00
01.12.2025;03:00;3.818,64;1.409,84;1.008,01;286,70;109,92;2,10;66,83;0,98;0,00;909,26;25,00
01.12.2025;04:00;3.610,02;1.220,00;1.017,89;285,03;85,26;3,60;67,02;0,99;0,00;905,23;25,00
01.12.2025;05:00;3.602,87;1.208,12;1.021,12;277,59;93,66;2,10;67,66;0,99;0,00;906,63;25,00
01.12.2025;06:00;3.428,67;984,63;1.020,62;324,96;100,96;2,10;67,73;1,01;0,97;900,69;25,00
01.12.2025;07:00;3.453,07;883,88;1.018,47;424,55;120,11;3,68;65,29;0,96;18,34;892,79;25,00
01.12.2025;08:00;3.438,12;766,18;1.014,25;352,12;126,70;2,10;73,56;0,99;182,43;894,17;25,62
01.12.2025;09:00;4.038,00;860,82;1.018,90;347,99;138,41;2,10;78,55;1,00;666,68;896,76;26,79
01.12.2025;10:00;4.580,64;947,45;1.016,83;454,49;122,83;2,10;80,39;1,00;1.042,08;885,57;27,90
01.12.2025;11:00;4.474,80;861,03;1.001,89;440,64;123,39;3,73;85,20;1,00;1.039,39;889,59;28,94
01.12.2025;12:00;4.485,38;898,95;1.000,44;381,99;162,83;2,10;86,31;1,00;1.030,13;907,28;14,35
01.12.2025;13:00;4.553,67;960,81;993,80;413,95;189,62;2,10;83,73;1,00;995,74;898,89;14,03
01.12.2025;14:00;4.351,04;765,30;981,89;444,80;133,29;2,10;83,06;1,00;1.019,02;908,21;12,37
01.12.2025;15:00;4.127,13;641,84;984,78;522,02;155,39;3,69;84,60;0,99;821,78;899,75;12,29
01.12.2025;16:00;3.514,14;553,09;976,39;568,19;194,42;2,10;85,74;1,00;253,05;875,90;4,26
01.12.2025;17:00;3.730,25;433,53;978,18;1.151,10;193,88;2,10;82,91;1,01;10,24;874,02;3,28
01.12.2025;18:00;3.712,96;499,67;989,02;1.023,44;242,14;2,10;84,76;0,88;0,00;867,95;3,00
01.12.2025;19:00;3.477,77;448,44;994,14;808,26;254,34;3,57;83,93;0,81;0,00;881,28;3,00
01.12.2025;20:00;3.070,57;416,08;1.000,96;438,86;251,55;2,10;83,50;0,84;0,00;873,68;3,00
01.12.2025;21:00;2.898,14;375,13;1.001,25;319,17;232,15;4,49;82,67;0,82;0,00;879,46;3,00
01.12.2025;22:00;2.871,89;381,14;1.004,07;306,76;215,64;2,10;82,48;0,83;0,00;875,87;3,00
01.12.2025;23:00;2.813,02;342,53;1.007,13;322,93;206,35;3,86;82,66;0,82;0,00;843,74;3,00
02.12.2025;00:00;2.733,93;315,81;1.009,36;214,03;203,49;2,10;84,01;0,82;0,00;878,96;25,35
02.12.2025;01:00;2.681,29;268,11;1.010,79;193,65;214,68;2,10;78,42;0,82;0,00;887,41;25,31
02.12.2025;02:00;2.656,63;264,45;1.014,47;184,32;189,86;2,10;81,82;0,84;0,00;893,46;25,31
02.12.2025;03:00;2.593,73;245,78;1.014,90;141,35;186,05;4,23;81,69;0,85;0,00;893,88;25,00
02.12.2025;04:00;2.579,17;263,99;1.016,70;136,43;148,40;2,10;81,06;0,85;0,00;904,64;25,00
02.12.2025;05:00;2.566,43;256,70;1.016,83;132,89;142,75;4,08;81,75;0,85;0,00;905,58;25,00
02.12.2025;06:00;2.652,02;268,27;1.020,03;192,26;159,00;4,15;80,62;0,84;2,61;899,24;25,00
02.12.2025;07:00;2.957,72;246,12;1.020,54;492,00;166,04;4,04;81,51;0,85;28,48;893,14;25,00
02.12.2025;08:00;3.275,86;291,19;1.020,37;532,60;191,10;2,10;85,04;0,87;247,55;901,72;3,32
02.12.2025;09:00;3.859,03;470,42;1.019,00;409,60;204,83;3,54;84,72;1,03;768,59;892,80;4,50
02.12.2025;10:00;4.462,58;590,49;1.017,18;513,85;219,92;2,10;85,16;0,97;1.126,50;900,61;5,80
02.12.2025;11:00;4.499,53;665,56;1.011,62;471,31;219,21;3,84;84,93;0,97;1.116,00;919,33;6,76
02.12.2025;12:00;4.340,43;638,07;1.001,53;385,79;226,72;2,10;85,89;0,97;1.065,40;926,87;7,09
02.12.2025;13:00;4.307,14;628,03;991,70;408,36;193,95;3,93;76,00;0,96;1.070,28;926,89;7,04
02.12.2025;14:00;4.058,39;543,49;982,13;403,54;173,07;3,66;83,16;0,96;943,89;918,12;6,37
02.12.2025;15:00;3.976,27;497,35;968,42;494,55;174,37;3,64;82,20;0,91;840,32;909,09;5,42
02.12.2025;16:00;3.289,18;290,60;970,92;547,36;226,68;2,10;86,28;0,83;278,27;881,88;4,26
02.12.2025;17:00;3.808,64;242,15;977,95;1.391,38;218,46;3,64;83,87;0,83;12,33;874,75;3,28
02.12.2025;18:00;3.688,69;188,56;994,30;1.281,33;259,36;2,10;82,67;0,81;0,00;876,33;3,23
02.12.2025;19:00;2.963,80;178,82;1.001,12;594,22;246,58;3,64;81,25;0,83;0,00;854,04;3,30
02.12.2025;20:00;2.830,71;151,49;1.007,73;470,76;249,09;2,10;82,22;0,82;0,00;863,50;3,00
02.12.2025;21:00;2.889,30;181,37;1.007,24;489,10;256,18;3,69;83,11;0,83;0,00;864,78;3,00
02.12.2025;22:00;2.765,68;218,75;1.011,53;359,49;229,69;2,10;82,68;0,82;0,00;857,60;3,02
02.12.2025;23:00;2.769,79;266,18;1.013,88;323,04;223,05;4,49;80,94;0,83;0,00;854,38;3,00
03.12.2025;00:00;2.781,96;361,95;1.012,67;249,72;177,92;3,66;81,35;0,82;0,00;868,78;25,09
03.12.2025;01:00;2.808,55;386,89;1.001,36;244,08;209,42;4,38;78,54;0,82;0,00;858,06;25,00
03.12.2025;02:00;2.793,41;409,62;1.016,49;200,43;207,86;4,14;79,20;0,82;0,00;852,45;22,40
03.12.2025;03:00;2.707,76;383,41;1.017,16;157,37;185,86;2,12;78,85;0,84;0,00;857,15;25,00
03.12.2025;04:00;2.733,74;393,39;1.019,14;158,74;179,12;4,05;78,04;0,84;0,00;875,42;25,00
03.12.2025;05:00;2.751,02;405,05;1.019,06;157,62;180,87;4,14;78,55;0,84;0,00;879,89;25,00
03.12.2025;06:00;2.698,20;399,42;1.019,38;146,64;161,81;2,10;78,36;0,86;2,58;862,05;25,00
03.12.2025;07:00;3.008,47;426,92;1.020,06;398,59;162,94;2,10;77,05;0,86;28,26;866,69;25,00
03.12.2025;08:00;3.491,76;547,20;1.020,42;488,69;177,67;2,10;81,60;0,80;296,65;873,29;3,34
03.12.2025;09:00;4.316,03;792,73;1.011,50;427,54;203,05;2,10;81,87;0,84;907,95;883,82;4,63
03.12.2025;10:00;4.792,06;1.009,66;1.017,85;449,84;203,65;2,10;82,53;0,84;1.111,59;908,37;5,63
03.12.2025;11:00;4.825,49;1.038,03;1.013,39;485,30;202,49;2,10;86,73;0,84;1.083,01;906,95;6,65
03.12.2025;12:00;4.689,43;1.039,38;1.004,25;417,18;197,91;2,10;87,23;0,85;1.019,09;914,42;7,02
03.12.2025;13:00;4.632,92;1.001,40;994,15;401,28;192,19;3,54;85,09;0,82;1.056,15;891,74;6,56
03.12.2025;14:00;4.368,91;771,82;988,83;421,59;211,00;2,10;87,26;0,90;997,86;882,26;5,29
03.12.2025;15:00;4.021,59;525,20;980,64;556,10;223,99;2,10;85,15;0,92;772,05;871,28;4,16
03.12.2025;16:00;3.576,38;363,35;973,70;896,60;210,35;2,10;84,87;0,94;185,93;854,70;3,84
03.12.2025;17:00;3.942,28;378,28;980,95;1.410,16;230,61;3,64;83,12;0,93;6,86;844,37;3,36
03.12.2025;18:00;3.544,07;508,48;989,33;839,41;267,93;2,10;86,31;0,93;3,66;842,92;3,00
03.12.2025;19:00;3.258,02;611,16;980,16;482,15;247,70;2,10;84,96;0,91;0,00;845,88;3,00
03.12.2025;20:00;3.347,21;713,48;991,47;466,90;230,45;2,10;85,58;0,92;0,00;853,31;3,00
03.12.2025;21:00;3.499,44;892,16;992,74;435,85;219,81;3,61;85,64;0,93;0,00;861,40;7,30
03.12.2025;22:00;3.581,34;1.041,50;993,68;377,33;235,21;2,10;84,84;0,93;0,00;842,73;3,02
03.12.2025;23:00;3.673,79;1.168,37;996,20;341,06;242,08;2,10;85,30;0,91;0,00;834,77;3,00
04.12.2025;00:00;3.763,99;1.299,78;1.003,54;311,13;189,50;2,10;86,32;0,95;0,00;860,67;10,00
04.12.2025;01:00;3.704,31;1.314,71;990,77;297,95;145,29;3,68;83,58;0,93;0,00;857,40;10,00
04.12.2025;02:00;3.738,29;1.355,95;991,39;301,11;135,48;2,10;83,21;0,95;0,00;858,10;10,00
04.12.2025;03:00;3.762,24;1.400,43;1.003,14;256,51;142,83;2,10;83,09;0,95;0,00;863,19;10,00
04.12.2025;04:00;3.691,73;1.344,66;1.004,87;259,38;126,24;2,10;80,59;0,95;0,00;862,94;10,00
04.12.2025;05:00;3.716,61;1.341,01;1.005,41;244,22;170,08;3,83;82,25;0,96;0,00;858,85;10,00
04.12.2025;06:00;3.798,43;1.397,51;1.001,75;272,48;173,50;2,10;82,94;0,95;1,04;856,16;10,00
04.12.2025;07:00;4.019,77;1.518,29;1.001,77;356,86;171,37;2,10;82,20;0,79;19,74;856,65;10,00
04.12.2025;08:00;4.493,39;1.786,89;1.001,68;416,47;178,33;2,10;85,90;0,70;153,99;857,12;10,21
04.12.2025;09:00;4.989,14;2.039,27;997,90;437,53;192,45;3,81;84,31;0,94;345,94;875,74;11,25
04.12.2025;10:00;5.241,89;2.118,74;997,69;499,08;168,96;2,49;83,39;0,95;473,54;884,43;12,62
04.12.2025;11:00;5.310,39;2.102,29;992,78;542,34;187,01;2,10;83,99;0,95;494,63;890,58;13,72
04.12.2025;12:00;5.273,57;2.027,44;978,37;510,22;207,62;2,10;85,10;0,93;556,46;900,35;4,98
04.12.2025;13:00;5.244,78;2.024,77;976,62;458,76;209,71;3,52;85,25;0,89;577,82;901,03;6,41
04.12.2025;14:00;5.129,05;1.876,29;967,45;608,15;190,71;2,10;85,41;0,89;504,21;888,81;5,03
04.12.2025;15:00;4.940,73;1.709,54;966,04;827,48;177,23;2,10;82,97;0,90;297,53;872,75;4,19
04.12.2025;16:00;4.641,56;1.665,52;964,63;753,41;193,86;2,10;85,70;0,95;99,94;871,66;3,79
04.12.2025;17:00;5.183,51;1.834,44;959,53;1.167,26;235,15;3,60;85,42;0,93;5,81;888,29;3,08
04.12.2025;18:00;5.564,08;2.117,98;978,22;1.200,25;286,38;2,10;84,37;0,92;0,00;890,86;3,00
04.12.2025;19:00;5.710,94;2.380,04;973,74;1.098,52;267,95;2,10;87,11;0,92;0,00;897,56;3,00
04.12.2025;20:00;5.824,47;2.580,82;977,52;1.039,17;237,43;2,10;87,36;0,91;0,00;896,16;3,00
04.12.2025;21:00;5.727,55;2.877,83;980,37;652,62;234,75;3,10;88,49;0,91;0,00;886,48;3,00
04.12.2025;22:00;5.664,51;3.026,41;986,95;433,78;229,49;2,10;87,30;0,94;0,00;894,54;3,00
04.12.2025;23:00;5.608,83;3.024,98;958,51;434,98;223,20;2,10;84,26;0,91;0,00;876,89;3,00
05.12.2025;00:00;5.780,08;3.204,19;984,43;419,15;186,31;2,20;83,79;0,92;0,00;874,05;25,04
05.12.2025;01:00;5.688,20;3.219,96;987,72;330,91;178,33;3,48;80,75;0,93;0,00;861,09;25,03
05.12.2025;02:00;5.637,42;3.276,82;985,12;243,93;159,40;2,20;80,61;0,94;0,00;863,37;25,03
05.12.2025;03:00;5.888,52;3.534,63;985,49;243,29;156,63;2,20;80,05;0,95;0,00;860,23;25,05
05.12.2025;04:00;6.086,19;3.724,09;988,52;262,75;142,00;2,20;78,29;0,95;0,00;862,35;25,04
05.12.2025;05:00;6.214,46;3.859,80;982,50;256,26;146,28;3,72;79,35;0,93;0,00;860,58;25,04
05.12.2025;06:00;6.446,96;4.022,58;983,45;311,66;143,95;2,20;79,44;0,94;0,69;877,02;25,03
05.12.2025;07:00;7.092,02;4.305,46;978,58;648,66;163,02;2,20;78,86;0,95;14,32;874,94;25,03
05.12.2025;08:00;7.927,99;4.754,92;967,40;892,58;178,03;2,20;82,04;0,93;153,93;870,74;25,22
05.12.2025;09:00;8.420,29;5.114,73;955,59;818,56;185,14;3,76;82,08;0,93;374,33;859,35;25,82
05.12.2025;10:00;8.547,97;5.137,83;972,66;691,49;194,93;2,20;80,69;0,91;561,94;878,71;26,61
05.12.2025;11:00;8.794,81;5.354,05;972,06;586,63;192,97;2,20;80,31;0,91;701,89;876,98;26,81
05.12.2025;12:00;8.862,53;5.557,34;961,31;563,90;198,03;2,20;82,91;0,92;585,81;883,04;27,07
05.12.2025;13:00;8.817,88;5.682,55;954,29;634,36;179,51;3,04;80,53;0,93;377,39;878,87;26,41
05.12.2025;14:00;8.824,19;5.542,67;940,51;835,57;172,89;2,20;80,62;0,93;366,34;856,38;26,08
05.12.2025;15:00;9.360,80;5.711,98;948,79;1.348,40;161,98;2,20;81,23;0,97;223,45;856,54;25,26
05.12.2025;16:00;9.445,87;5.837,59;963,36;1.384,28;216,14;2,20;82,65;0,91;77,64;871,02;10,08
05.12.2025;17:00;9.368,21;5.893,34;969,57;1.295,57;219,29;3,71;84,40;0,91;3,89;887,53;10,00
05.12.2025;18:00;9.268,28;6.055,29;972,75;990,16;255,91;2,20;83,36;0,90;0,00;897,71;10,00
05.12.2025;19:00;9.197,17;5.978,61;972,19;989,30;260,08;2,20;83,00;0,92;0,00;900,87;10,00
05.12.2025;20:00;9.056,58;5.965,40;972,91;894,48;229,13;2,20;82,66;0,81;0,00;898,99;10,00
05.12.2025;21:00;8.728,93;5.892,82;973,87;646,33;213,75;3,64;83,83;0,82;0,00;903,87;10,00
05.12.2025;22:00;8.797,78;5.991,37;972,26;666,26;188,32;2,20;82,59;0,81;0,00;884,04;9,93
05.12.2025;23:00;8.828,74;5.986,62;971,30;718,88;191,96;2,20;79,43;0,82;0,00;867,53;10,00
06.12.2025;00:00;8.548,60;5.841,95;967,75;566,79;207,06;2,20;80,79;0,90;0,00;878,16;3,00
06.12.2025;01:00;8.265,55;5.603,34;964,02;564,46;171,28;2,20;78,61;0,95;0,00;877,69;3,00
06.12.2025;02:00;7.825,75;5.174,65;972,05;536,40;184,23;3,62;79,62;0,94;0,00;871,24;3,00
06.12.2025;03:00;7.252,58;4.760,18;975,14;389,56;187,23;2,20;81,88;0,94;0,00;852,45;3,00
06.12.2025;04:00;6.966,04;4.475,04;979,03;408,40;150,84;2,20;82,14;0,94;0,00;864,45;3,00
06.12.2025;05:00;6.763,78;4.246,65;979,09;405,53;163,44;2,20;81,88;0,93;0,00;881,06;3,00
06.12.2025;06:00;6.555,50;3.999,81;975,41;450,96;148,17;3,75;82,54;0,68;0,20;890,98;3,00
06.12.2025;07:00;6.574,00;3.807,64;976,82;643,16;159,00;2,20;82,26;0,92;6,84;892,16;3,00
06.12.2025;08:00;6.596,68;3.771,65;979,26;649,75;154,93;2,20;83,61;0,95;60,24;891,01;3,08
06.12.2025;09:00;6.426,67;3.415,96;980,53;712,37;185,67;3,70;84,90;0,90;158,50;880,93;3,21
06.12.2025;10:00;6.371,29;3.162,64;980,89;835,06;192,31;2,53;84,69;0,90;225,47;883,48;3,32
06.12.2025;11:00;6.072,35;2.786,22;979,35;837,46;198,43;2,20;85,97;0,90;293,02;884,43;4,37
06.12.2025;12:00;5.784,10;2.551,31;986,84;796,61;183,45;2,20;87,35;0,90;276,30;894,98;4,16
06.12.2025;13:00;5.754,16;2.463,87;991,87;802,46;179,58;3,79;85,07;0,92;331,96;890,37;4,27
06.12.2025;14:00;5.507,36;2.323,63;988,68;876,97;153,09;2,20;87,00;0,92;188,26;882,58;4,03
06.12.2025;15:00;5.360,53;2.269,22;987,93;943,32;159,63;2,20;85,75;0,81;35,86;872,57;3,24
06.12.2025;16:00;5.709,32;2.442,94;990,57;1.102,11;199,57;2,20;85,60;0,83;14,88;867,61;3,01
06.12.2025;17:00;6.202,57;2.778,92;998,25;1.230,51;198,81;3,87;84,48;0,82;0,65;873,25;33,01
06.12.2025;18:00;6.445,04;3.247,70;1.004,22;978,98;250,16;2,20;85,01;0,82;0,00;872,94;3,01
06.12.2025;19:00;6.923,57;3.730,30;1.011,97;949,24;250,95;2,20;84,20;0,80;0,00;890,90;3,01
06.12.2025;20:00;7.287,59;4.089,68;1.013,01;969,75;245,74;2,20;84,30;0,83;0,00;879,07;3,01
06.12.2025;21:00;7.015,02;4.173,82;1.016,54;601,38;240,73;3,84;85,42;0,84;0,00;889,43;3,02
06.12.2025;22:00;6.975,66;4.206,84;1.019,40;535,51;232,00;2,20;84,96;0,84;0,00;878,58;15,33
06.12.2025;23:00;6.811,86;4.062,78;1.004,19;551,95;204,95;2,20;83,03;0,84;0,00;883,72;18,20
07.12.2025;00:00;6.845,74;3.861,99;1.022,85;759,92;186,88;2,20;83,20;0,80;0,00;882,74;45,16
07.12.2025;01:00;6.800,17;3.807,45;1.026,65;802,57;170,80;2,20;82,80;0,84;0,00;881,86;25,00
07.12.2025;02:00;6.807,05;3.796,75;1.028,04;811,51;191,20;3,65;82,09;0,83;0,00;867,98;25,00
07.12.2025;03:00;6.717,10;3.627,55;1.029,77;852,94;242,54;2,20;82,34;0,80;0,00;853,96;25,00
07.12.2025;04:00;6.595,49;3.562,97;1.031,57;822,91;225,64;2,20;81,55;0,82;0,00;842,83;25,00
07.12.2025;05:00;6.576,58;3.564,04;1.029,68;836,19;192,25;2,20;82,43;0,83;0,00;843,96;25,00
07.12.2025;06:00;6.505,84;3.444,04;1.035,32;815,29;241,34;3,98;82,81;0,85;0,10;857,11;25,00
07.12.2025;07:00;6.792,11;3.499,76;1.035,83;775,76;317,46;2,20;82,27;0,86;198,85;854,12;25,00
07.12.2025;08:00;7.131,07;3.759,43;1.035,99;986,67;256,26;2,20;85,53;0,83;128,95;850,06;25,15
07.12.2025;09:00;7.212,18;3.826,32;1.026,85;905,94;248,26;2,20;82,55;0,83;250,02;843,36;25,85
07.12.2025;10:00;7.487,51;3.925,18;1.012,29;1.070,37;238,06;3,68;80,42;0,81;272,39;857,19;27,12
07.12.2025;11:00;7.517,22;3.764,29;1.009,26;1.198,88;233,31;2,20;82,80;0,91;327,19;871,52;26,86
07.12.2025;12:00;7.706,04;3.660,73;1.017,98;1.208,24;327,67;2,20;84,34;0,94;524,92;853,24;25,78
07.12.2025;13:00;7.519,76;3.415,97;1.023,03;1.308,05;333,41;2,20;84,49;0,40;459,50;867,50;25,21
07.12.2025;14:00;7.267,96;3.412,04;1.013,29;1.178,73;299,06;2,90;85,87;0,84;371,56;878,76;24,91
07.12.2025;15:00;6.765,42;3.358,47;998,44;1.038,18;266,48;2,20;85,47;0,49;118,01;872,20;25,48
07.12.2025;16:00;6.664,31;3.265,08;992,38;1.135,81;263,57;2,20;86,00;0,77;36,87;871,15;10,48
07.12.2025;17:00;6.752,02;3.363,79;990,61;1.124,49;290,24;2,20;85,91;1,16;2,28;881,27;10,07
07.12.2025;18:00;6.618,43;3.298,01;1.005,27;1.018,73;314,66;3,99;85,53;1,03;0,00;881,21;10,00
07.12.2025;19:00;6.527,61;3.290,52;1.015,42;860,58;381,23;2,20;85,43;1,01;0,00;881,22;10,00
07.12.2025;20:00;6.461,46;3.189,59;1.021,31;901,45;389,64;2,20;84,87;1,02;0,00;861,11;10,27
07.12.2025;21:00;6.206,35;3.080,33;1.024,39;757,92;407,10;2,20;85,69;1,00;0,00;847,72;0,00
07.12.2025;22:00;5.915,22;2.959,13;1.025,03;700,64;302,01;3,59;85,25;1,06;0,00;838,51;0,00
07.12.2025;23:00;5.591,79;2.718,34;1.024,99;648,62;296,81;2,20;71,89;1,07;0,00;827,87;0,00
08.12.2025;00:00;5.292,20;2.651,13;1.024,79;369,49;306,71;2,20;82,94;0,97;0,00;853,97;0,00
08.12.2025;01:00;5.165,92;2.471,41;1.021,13;438,21;302,74;2,20;83,21;0,97;0,00;846,05;0,00
08.12.2025;02:00;5.237,46;2.486,34;1.025,09;444,81;345,47;3,67;82,49;0,97;0,00;848,62;0,00
08.12.2025;03:00;5.283,28;2.553,24;1.027,75;431,23;323,66;2,20;82,81;0,98;0,00;861,41;0,00
08.12.2025;04:00;5.296,71;2.629,78;1.026,02;419,41;271,95;2,20;82,29;0,98;0,00;864,08;0,00
08.12.2025;05:00;5.307,98;2.651,32;1.024,15;415,31;256,89;2,20;79,19;0,99;0,00;877,93;0,00
08.12.2025;06:00;5.379,17;2.737,18;1.024,22;388,60;263,37;2,20;80,49;0,99;0,54;881,58;0,00
08.12.2025;07:00;5.483,49;2.941,03;1.025,78;285,16;239,65;2,86;82,25;1,00;8,55;897,21;0,00
08.12.2025;08:00;5.992,45;3.204,58;1.026,58;396,18;270,61;2,20;85,03;1,00;103,29;902,80;0,18
08.12.2025;09:00;6.433,20;3.276,62;1.026,66;428,03;348,93;2,20;82,00;0,98;371,41;895,58;0,79
08.12.2025;10:00;6.418,72;3.229,07;1.020,00;485,37;316,24;2,20;79,45;0,98;370,23;913,51;1,67
08.12.2025;11:00;6.361,13;3.087,51;1.016,33;339,67;292,91;2,97;77,81;1,04;634,73;906,05;2,11
08.12.2025;12:00;6.500,57;3.182,32;1.006,88;282,73;287,91;3,30;81,81;1,03;762,30;890,65;1,64
08.12.2025;13:00;6.232,67;3.111,46;997,25;333,06;271,03;2,20;81,60;1,03;538,69;894,64;1,71
08.12.2025;14:00;6.228,24;3.274,60;989,67;379,73;258,32;2,20;80,23;1,05;328,06;913,00;1,38
08.12.2025;15:00;6.261,97;3.445,43;956,64;378,60;295,93;2,20;81,60;1,02;195,44;904,51;0,60
08.12.2025;16:00;6.459,83;3.741,90;975,79;373,92;305,77;3,38;82,15;1,03;77,37;898,14;0,38
08.12.2025;17:00;7.072,59;4.111,03;988,23;698,41;282,50;3,72;82,26;0,98;3,68;901,55;0,23
08.12.2025;18:00;7.418,69;4.132,18;996,95;951,66;348,58;2,20;82,36;0,96;0,00;903,57;0,23
08.12.2025;19:00;7.512,17;4.236,35;1.005,66;938,33;350,57;2,20;79,73;0,98;0,00;898,12;0,23
08.12.2025;20:00;7.626,41;4.281,13;1.009,62;1.018,99;336,54;2,20;79,91;0,98;0,00;896,81;0,23
08.12.2025;21:00;7.053,64;4.409,77;1.014,67;315,87;333,08;2,20;79,81;0,98;0,00;897,26;0,00
08.12.2025;22:00;6.914,37;4.444,92;1.020,61;199,82;267,93;4,37;81,35;0,96;0,00;894,41;0,00
08.12.2025;23:00;6.806,36;4.377,04;1.022,81;199,35;249,13;2,20;80,49;0,98;0,00;874,36;0,00
09.12.2025;00:00;7.291,19;4.617,19;1.023,92;428,52;265,64;2,10;82,04;0,98;0,00;870,80;0,00
09.12.2025;01:00;7.371,47;4.586,45;1.028,86;501,69;290,55;2,10;79,07;0,98;0,00;881,77;0,00
09.12.2025;02:00;7.243,53;4.492,17;1.032,43;495,72;257,07;2,10;80,45;0,97;0,00;882,62;0,00
09.12.2025;03:00;6.991,53;4.298,67;1.032,76;388,10;285,15;3,51;82,74;0,98;0,00;899,62;0,00
09.12.2025;04:00;6.898,12;4.172,65;1.030,55;440,43;275,51;2,10;82,35;0,97;0,00;893,56;0,00
09.12.2025;05:00;6.817,89;4.103,60;1.032,13;439,21;272,02;2,10;81,54;0,97;0,00;886,32;0,00
09.12.2025;06:00;6.824,20;4.133,56;1.032,75;403,03;298,75;2,10;81,86;0,96;0,05;871,14;0,00
09.12.2025;07:00;6.912,29;4.206,49;1.036,67;404,15;285,60;2,10;80,08;0,84;6,17;890,19;0,00
09.12.2025;08:00;7.130,51;4.361,12;1.035,53;442,24;271,09;2,79;82,94;0,83;46,23;887,50;0,24
09.12.2025;09:00;7.383,64;4.466,81;1.034,60;550,70;251,51;2,10;84,83;0,83;116,20;875,71;0,35
09.12.2025;10:00;7.426,47;4.399,13;1.035,64;553,78;257,37;2,10;85,44;0,85;221,84;869,88;0,44
09.12.2025;11:00;7.091,08;4.152,85;1.010,33;402,17;297,23;2,10;84,66;0,81;250,74;889,47;0,72
09.12.2025;12:00;6.970,10;4.110,67;1.005,05;307,86;297,92;2,10;86,74;0,82;274,17;884,07;0,70
09.12.2025;13:00;6.798,75;3.976,62;997,72;291,40;247,49;3,59;82,70;0,82;313,85;884,02;0,54
09.12.2025;14:00;6.710,33;3.804,22;987,10;409,07;261,92;2,10;80,25;0,81;277,29;887,10;0,47
09.12.2025;15:00;6.630,75;3.683,17;976,96;598,82;249,89;2,10;82,33;0,81;175,69;860,59;0,39
09.12.2025;16:00;6.433,39;3.685,95;979,78;482,53;262,26;2,10;88,08;0,81;53,37;878,23;0,28
09.12.2025;17:00;6.603,32;3.754,45;1.000,06;547,51;328,38;3,59;87,64;0,83;1,41;879,22;0,23
09.12.2025;18:00;6.881,01;3.761,34;1.015,58;793,53;330,23;2,10;87,37;0,80;0,00;889,83;0,23
09.12.2025;19:00;6.849,88;3.690,37;1.021,32;826,32;336,03;2,10;85,84;0,82;0,00;886,86;0,22
09.12.2025;20:00;6.694,15;3.533,91;1.026,57;828,18;334,09;2,10;87,47;0,80;0,00;880,80;0,23
09.12.2025;21:00;6.091,42;3.263,94;1.029,77;470,56;350,76;3,77;87,05;0,81;0,00;884,53;0,23
09.12.2025;22:00;5.608,66;3.017,37;1.028,64;296,70;294,32;2,10;86,20;0,82;0,00;882,27;0,24
09.12.2025;23:00;5.243,36;2.666,73;1.032,88;300,53;272,09;2,10;83,66;0,81;0,00;884,33;0,23
10.12.2025;00:00;4.947,70;2.311,69;1.037,91;342,80;289,30;2,20;85,37;0,83;0,00;877,60;0,00
10.12.2025;01:00;4.840,38;2.137,94;1.037,05;394,50;312,39;2,96;83,25;0,83;0,00;867,01;4,45
10.12.2025;02:00;4.768,91;2.032,22;1.038,00;407,87;343,24;3,70;83,56;0,83;0,00;859,49;0,00
10.12.2025;03:00;4.647,54;1.934,91;1.040,09;365,34;351,27;3,70;81,27;0,83;0,00;870,13;0,00
10.12.2025;04:00;4.676,01;1.997,98;1.042,33;360,43;314,88;3,70;84,29;0,82;0,00;871,58;0,00
10.12.2025;05:00;4.739,90;2.085,14;1.045,74;313,78;312,44;3,72;84,42;0,83;0,00;893,83;0,00
10.12.2025;06:00;4.665,45;2.114,09;1.035,37;250,83;284,15;3,72;83,32;0,82;0,24;892,91;0,00
10.12.2025;07:00;4.669,41;2.103,76;1.022,32;307,52;252,66;3,72;84,11;0,83;8,28;886,21;0,00
10.12.2025;08:00;4.826,19;2.077,23;1.020,83;358,31;308,09;3,71;85,19;0,85;89,31;882,43;0,24
10.12.2025;09:00;4.952,50;1.870,20;1.022,08;338,23;337,35;3,72;83,52;0,83;400,33;895,98;0,26
10.12.2025;10:00;5.194,04;1.707,83;1.024,72;341,89;331,35;3,15;80,10;0,89;832,02;871,75;0,34
10.12.2025;11:00;4.684,29;1.336,42;1.019,58;274,78;321,44;3,72;84,05;0,86;748,01;895,04;0,39
10.12.2025;12:00;4.634,83;1.215,93;1.013,07;249,22;341,24;4,42;85,01;0,85;818,98;905,30;0,81
10.12.2025;13:00;4.361,59;1.153,81;1.004,54;275,35;354,64;4,23;83,68;0,92;576,64;906,23;1,55
10.12.2025;14:00;4.081,07;1.092,56;992,89;304,70;361,15;4,22;84,98;0,92;341,72;896,96;0,97
10.12.2025;15:00;3.866,56;1.048,98;985,48;371,91;282,76;4,22;84,66;0,92;192,85;893,89;0,89
10.12.2025;16:00;3.804,47;1.081,63;979,80;371,80;312,34;4,22;86,71;0,92;67,21;899,40;0,44
10.12.2025;17:00;4.113,84;1.238,88;984,81;508,68;394,86;4,22;87,81;0,95;3,46;890,17;0,00
10.12.2025;18:00;4.716,00;1.434,98;989,15;916,13;394,60;4,23;87,67;0,88;0,00;888,36;0,00
10.12.2025;19:00;4.955,32;1.676,92;1.002,39;908,30;384,30;4,22;87,21;0,88;0,00;891,10;0,00
10.12.2025;20:00;5.187,24;1.882,12;1.010,37;946,93;360,16;4,23;88,52;0,89;0,00;894,02;0,00
10.12.2025;21:00;4.815,41;2.074,91;1.013,73;388,50;349,60;4,22;88,72;0,89;0,00;894,84;0,00
10.12.2025;22:00;4.720,00;2.168,57;1.021,26;234,40;316,65;4,24;88,02;0,90;0,00;885,96;0,00
10.12.2025;23:00;4.621,24;2.105,37;1.026,52;214,83;314,36;4,03;86,98;0,89;0,00;868,26;0,00
11.12.2025;00:00;4.718,82;2.134,68;1.037,55;306,00;297,00;3,75;81,23;0,96;0,00;846,32;11,33
11.12.2025;01:00;4.857,59;2.334,46;1.045,67;259,54;277,07;3,74;78,99;0,98;0,00;847,14;10,00
11.12.2025;02:00;4.975,28;2.430,98;1.049,55;254,43;302,12;3,74;81,50;0,97;0,00;841,99;10,00
11.12.2025;03:00;4.989,89;2.546,20;1.049,52;185,68;265,95;3,72;80,38;0,98;0,00;847,46;10,00
11.12.2025;04:00;5.156,53;2.745,35;1.042,18;180,25;244,08;3,70;81,01;1,00;0,00;848,96;10,00
11.12.2025;05:00;5.574,36;2.921,43;1.050,05;351,03;328,91;3,69;81,64;0,99;0,00;826,62;10,00
11.12.2025;06:00;5.727,14;2.970,01;1.051,88;411,38;372,23;3,69;81,11;1,00;0,27;825,57;10,00
11.12.2025;07:00;5.571,32;2.923,00;1.049,53;378,93;284,52;2,55;81,59;0,98;6,76;833,46;10,00
11.12.2025;08:00;5.543,27;2.851,68;1.050,35;311,62;315,50;2,20;83,16;1,05;72,16;845,55;10,00
11.12.2025;09:00;5.597,48;2.837,25;1.047,01;304,21;313,93;2,20;80,57;1,02;203,82;797,34;10,13
11.12.2025;10:00;5.446,08;2.482,94;1.012,42;407,57;304,39;3,12;79,36;1,02;316,02;828,78;10,46
11.12.2025;11:00;5.255,13;2.337,94;998,02;345,93;293,60;2,20;82,75;1,02;342,84;840,35;10,48
11.12.2025;12:00;5.309,97;2.323,27;991,77;274,33;339,43;2,20;84,74;1,02;420,88;861,88;10,45
11.12.2025;13:00;5.286,75;2.371,01;978,46;266,11;327,70;3,30;83,86;1,02;397,26;847,44;10,59
11.12.2025;14:00;5.205,06;2.290,18;991,23;350,82;318,32;2,20;81,48;1,05;332,49;826,71;10,58
11.12.2025;15:00;5.034,70;2.129,73;991,57;497,90;328,39;3,57;79,32;1,00;162,06;830,67;10,49
11.12.2025;16:00;4.901,86;2.103,12;989,52;442,48;368,51;3,71;82,45;0,98;69,53;831,20;10,36
11.12.2025;17:00;5.041,30;2.200,61;999,81;555,96;360,10;3,72;82,62;0,98;6,86;820,34;10,30
11.12.2025;18:00;5.651,05;2.349,20;1.016,60;977,20;359,76;3,74;83,19;0,98;0,00;850,08;10,30
11.12.2025;19:00;5.571,46;2.313,05;1.023,86;948,40;340,96;3,73;83,56;0,97;0,00;846,63;10,30
11.12.2025;20:00;5.537,96;2.152,55;1.028,99;995,35;391,68;3,72;83,81;0,98;0,00;870,58;10,30
11.12.2025;21:00;4.834,02;2.047,72;1.034,45;400,39;382,07;3,73;83,87;0,99;0,00;870,80;10,00
11.12.2025;22:00;4.588,58;1.966,59;1.038,27;254,23;355,41;3,73;83,50;0,99;0,00;875,79;10,07
11.12.2025;23:00;4.353,62;1.707,31;1.041,48;271,39;353,05;4,71;82,21;1,00;0,00;882,47;10,00
12.12.2025;00:00;4.387,40;1.714,43;1.043,79;346,35;304,06;2,20;83,27;1,00;0,00;867,28;25,02
12.12.2025;01:00;4.197,61;1.574,17;1.046,74;324,76;302,69;2,78;80,56;1,00;0,00;839,91;25,00
12.12.2025;02:00;4.193,02;1.581,17;1.050,55;323,79;298,32;4,37;80,39;1,00;0,00;828,43;25,00
12.12.2025;03:00;4.102,89;1.553,00;1.049,69;257,00;321,31;4,11;81,42;0,96;0,00;810,40;25,00
12.12.2025;04:00;4.055,91;1.520,87;1.053,45;260,38;307,47;4,96;81,00;0,99;0,00;801,79;25,00
12.12.2025;05:00;3.996,91;1.475,05;1.052,08;269,51;286,65;4,04;79,58;1,00;0,00;803,97;25,03
12.12.2025;06:00;3.979,93;1.446,99;1.052,74;253,41;308,20;3,79;77,39;1,00;0,15;811,26;25,00
12.12.2025;07:00;4.125,50;1.357,05;1.055,06;422,93;354,36;4,51;79,77;1,00;13,33;812,49;25,00
12.12.2025;08:00;4.098,18;1.254,24;1.055,49;394,84;352,71;4,48;84,53;1,00;134,98;790,88;25,03
12.12.2025;09:00;4.212,87;1.154,45;1.055,95;355,53;338,03;6,10;83,63;0,97;410,36;782,08;25,77
12.12.2025;10:00;4.254,99;975,06;1.051,68;440,13;348,43;5,97;80,32;0,99;534,05;791,99;26,37
12.12.2025;11:00;4.249,95;843,62;1.043,30;542,59;346,63;3,35;80,45;0,97;559,86;802,34;26,84
12.12.2025;12:00;4.263,64;881,07;1.031,31;408,42;368,83;2,20;84,82;0,99;644,99;813,01;28,00
12.12.2025;13:00;4.077,35;797,50;1.024,62;369,57;294,53;3,69;85,51;0,97;650,42;822,70;27,84
12.12.2025;14:00;4.276,79;728,64;1.013,92;446,54;310,91;2,20;84,47;0,97;842,49;818,95;27,70
12.12.2025;15:00;4.153,17;672,78;1.003,83;501,64;328,35;3,26;84,74;0,97;712,96;818,01;26,63
12.12.2025;16:00;3.573,36;611,09;1.000,08;408,08;378,50;4,23;86,43;0,97;248,40;809,53;26,05
12.12.2025;17:00;3.761,81;784,13;1.006,72;579,59;454,01;5,18;84,67;0,67;11,32;810,26;25,26
12.12.2025;18:00;4.454,54;1.078,04;1.011,78;1.000,38;421,68;3,80;84,52;0,98;0,00;828,14;25,22
12.12.2025;19:00;4.678,52;1.314,35;1.011,87;1.015,58;401,84;3,73;83,43;0,97;0,00;821,75;25,00
12.12.2025;20:00;4.892,21;1.506,41;1.024,55;1.019,35;404,78;2,20;84,52;0,99;0,00;824,41;25,00
12.12.2025;21:00;4.434,24;1.683,63;1.034,05;367,49;418,51;2,20;85,09;0,54;0,00;817,73;25,00
12.12.2025;22:00;4.428,80;1.811,69;1.030,08;302,26;350,30;3,78;87,95;0,55;0,00;817,19;25,00
12.12.2025;23:00;4.606,69;1.909,48;1.034,89;351,42;391,77;3,98;86,10;1,01;0,00;802,88;25,16
13.12.2025;00:00;4.927,73;2.207,14;1.042,11;471,03;284,04;3,74;86,69;1,03;0,00;806,95;25,00
13.12.2025;01:00;5.159,31;2.472,55;1.041,06;422,10;277,71;3,74;84,22;1,03;0,00;831,90;25,00
13.12.2025;02:00;5.115,04;2.443,19;1.040,59;458,88;239,16;3,74;85,54;1,03;0,00;817,91;25,00
13.12.2025;03:00;5.126,62;2.468,63;1.042,21;432,94;238,11;3,73;83,92;1,04;0,00;831,04;25,00
13.12.2025;04:00;5.350,76;2.712,18;1.039,65;426,34;250,64;3,73;82,91;1,04;0,00;809,27;25,00
13.12.2025;05:00;5.634,27;2.925,97;1.045,82;423,32;297,98;3,21;85,09;1,04;0,00;826,76;25,08
13.12.2025;06:00;6.021,39;3.350,65;1.049,87;340,43;322,62;3,25;84,57;1,06;0,88;843,06;25,00
13.12.2025;07:00;6.242,06;3.664,96;1.049,42;285,27;272,53;3,76;82,77;1,05;9,12;848,18;25,00
13.12.2025;08:00;6.476,84;3.778,29;1.049,30;300,80;273,15;3,74;82,84;1,05;124,36;838,10;25,21
13.12.2025;09:00;6.841,47;3.840,25;1.051,02;384,78;273,86;3,75;86,62;1,05;312,12;861,68;26,34
13.12.2025;10:00;6.851,82;3.695,96;1.048,95;361,58;242,26;2,20;85,42;0,73;515,57;872,10;27,05
13.12.2025;11:00;7.050,00;3.600,56;1.042,44;426,53;285,72;2,97;88,52;1,05;685,51;888,92;27,78
13.12.2025;12:00;7.202,16;3.523,58;1.032,06;555,15;302,90;4,92;88,59;1,04;779,14;886,14;28,64
13.12.2025;13:00;7.395,62;3.427,87;1.016,64;653,80;368,77;3,75;89,22;1,03;918,27;888,88;27,39
13.12.2025;14:00;7.102,39;3.285,76;1.006,28;663,76;331,92;4,71;89,03;1,02;815,93;876,59;27,39
13.12.2025;15:00;6.663,93;3.215,95;993,24;573,40;276,60;3,75;89,07;1,02;613,95;871,11;25,84
13.12.2025;16:00;6.178,02;3.208,17;992,96;531,98;278,48;5,25;88,27;1,03;194,61;851,78;25,49
13.12.2025;17:00;6.057,42;3.231,86;999,90;497,62;354,12;4,13;88,14;0,99;9,32;846,10;25,24
13.12.2025;18:00;6.834,20;3.395,00;1.011,90;1.075,54;377,90;5,64;87,46;0,95;0,00;854,39;25,42
13.12.2025;19:00;6.919,52;3.420,65;1.022,16;1.123,34;379,73;7,38;87,46;0,97;0,00;852,53;25,30
13.12.2025;20:00;6.897,79;3.390,10;1.030,49;1.139,56;358,68;8,24;87,82;0,97;0,00;856,93;25,00
13.12.2025;21:00;6.760,73;3.460,03;1.034,82;934,76;353,82;9,23;87,16;0,94;0,00;854,97;25,00
13.12.2025;22:00;5.967,41;3.201,24;1.038,23;416,58;339,22;9,01;87,06;0,91;0,00;850,11;25,05
13.12.2025;23:00;5.943,27;3.031,01;1.036,03;535,39;386,16;9,66;72,30;0,00;0,00;847,72;25,00
14.12.2025;00:00;6.592,01;2.940,99;1.041,65;1.283,87;341,16;9,72;86,82;0,97;0,00;861,83;25,00
14.12.2025;01:00;6.269,58;2.672,97;1.042,47;1.236,76;335,29;9,65;85,18;0,97;0,00;861,29;25,00
14.12.2025;02:00;5.940,29;2.421,66;1.044,18;1.191,46;299,74;9,51;85,36;0,97;0,00;862,41;25,00
14.12.2025;03:00;5.847,93;2.324,85;1.044,26;1.245,56;245,97;9,37;72,69;0,97;0,00;879,26;25,00
14.12.2025;04:00;5.698,93;2.129,33;1.046,37;1.291,81;236,27;9,25;72,96;0,99;0,00;886,95;25,00
14.12.2025;05:00;5.480,87;2.019,67;1.047,94;1.111,93;296,29;9,21;73,44;1,01;0,00;896,38;25,00
14.12.2025;06:00;5.382,39;1.902,12;1.050,89;1.086,74;321,54;7,64;85,46;1,00;1,71;900,37;24,92
14.12.2025;07:00;5.312,36;1.775,63;1.052,70;1.144,81;311,33;9,44;84,76;1,00;18,79;888,90;25,00
14.12.2025;08:00;5.168,42;1.833,61;1.054,49;819,29;279,24;9,44;87,14;0,98;175,93;883,09;25,21
14.12.2025;09:00;5.227,63;1.762,18;1.052,39;752,57;256,38;9,41;86,64;1,00;383,07;897,72;26,27
14.12.2025;10:00;5.171,61;1.586,49;1.050,05;808,15;237,88;9,38;85,63;0,97;476,42;889,21;27,43
14.12.2025;11:00;5.161,79;1.431,82;1.048,66;769,88;267,46;9,35;86,78;0,97;625,89;892,65;28,33
14.12.2025;12:00;5.338,47;1.256,52;1.040,11;792,25;257,86;8,44;87,99;0,95;961,57;904,06;28,72
14.12.2025;13:00;5.359,92;1.295,78;1.032,93;813,62;293,28;8,89;87,39;0,86;881,85;916,51;28,81
14.12.2025;14:00;4.861,16;1.226,38;1.025,59;816,85;337,46;9,62;86,66;0,86;409,57;919,73;28,44
14.12.2025;15:00;4.665,73;1.146,64;1.014,07;723,61;321,13;9,60;86,10;0,87;435,11;901,14;27,46
14.12.2025;16:00;4.302,41;998,81;1.005,06;725,87;368,45;9,58;85,37;0,82;214,01;882,99;11,45
14.12.2025;17:00;4.261,53;986,11;1.015,48;899,41;360,42;9,51;86,61;0,82;12,37;880,52;10,28
14.12.2025;18:00;4.573,66;1.091,03;1.028,30;1.150,92;316,97;9,36;86,52;0,80;0,00;879,76;10,00
14.12.2025;19:00;4.570,75;1.201,95;1.032,61;995,36;354,02;7,20;87,49;0,83;0,00;881,29;10,00
14.12.2025;20:00;4.705,30;1.287,37;1.038,32;987,74;395,56;7,60;88,19;0,83;0,00;889,69;10,00
14.12.2025;21:00;4.521,58;1.406,93;1.041,06;714,89;361,33;8,31;87,16;0,83;0,00;891,07;10,00
14.12.2025;22:00;4.591,42;1.547,75;1.041,59;596,24;412,83;9,27;87,58;0,79;0,00;885,37;10,00
14.12.2025;23:00;4.705,01;1.766,01;1.042,29;609,13;319,94;6,79;74,48;0,78;0,00;875,59;10,00
15.12.2025;00:00;4.736,57;1.964,31;1.043,27;475,77;265,57;8,63;85,22;0,86;0,00;870,80;22,14
15.12.2025;01:00;5.010,99;2.251,16;1.043,47;472,36;265,99;6,34;85,19;0,82;0,00;863,64;22,02
15.12.2025;02:00;5.407,98;2.650,48;1.048,24;476,45;250,17;6,02;84,41;0,81;0,00;869,38;22,02
15.12.2025;03:00;5.485,77;2.725,87;1.048,32;463,88;259,84;6,03;84,05;0,83;0,00;874,95;22,00
15.12.2025;04:00;5.980,45;3.248,59;1.051,18;420,87;266,49;6,03;83,89;0,83;0,00;880,57;22,00
15.12.2025;05:00;6.325,42;3.606,27;1.051,12;391,09;277,64;6,04;84,66;0,84;0,00;885,76;22,00
15.12.2025;06:00;6.439,96;3.678,58;1.049,03;429,36;283,61;6,06;84,56;0,84;0,32;885,57;22,03
15.12.2025;07:00;6.414,12;3.522,48;1.048,67;505,24;336,67;5,33;83,08;0,86;8,26;881,53;22,00
15.12.2025;08:00;6.309,81;3.411,56;1.043,68;510,85;287,72;5,35;86,43;0,85;67,40;873,97;22,00
15.12.2025;09:00;6.461,31;3.462,30;1.046,33;456,44;291,73;6,25;86,91;0,78;224,01;864,08;22,48
15.12.2025;10:00;6.786,73;3.583,96;1.045,76;450,38;263,71;5,25;86,26;0,81;450,11;877,95;22,54
15.12.2025;11:00;7.058,87;3.642,93;1.042,11;479,99;249,53;6,23;87,26;0,83;631,68;896,37;21,94
15.12.2025;12:00;7.274,53;3.689,37;1.031,87;549,46;243,17;5,25;87,44;0,91;737,35;906,42;23,29
15.12.2025;13:00;7.153,44;3.599,40;1.023,98;567,88;315,94;5,24;84,85;0,93;635,33;896,22;23,67
15.12.2025;14:00;7.037,80;3.414,16;1.016,12;548,08;334,16;5,23;82,99;0,95;722,10;890,80;23,21
15.12.2025;15:00;6.237,18;3.182,52;1.011,80;410,39;321,48;5,24;83,81;0,91;321,84;876,27;22,92
15.12.2025;16:00;5.801,21;3.021,86;1.005,26;301,61;293,00;5,24;87,50;0,91;214,09;849,22;22,52
15.12.2025;17:00;5.907,34;3.001,92;1.007,05;576,10;348,07;4,91;88,58;0,90;4,82;852,76;22,23
15.12.2025;18:00;6.492,47;3.265,70;1.015,08;877,90;351,02;5,61;88,66;0,91;0,00;865,76;21,83
15.12.2025;19:00;6.586,65;3.310,54;1.027,98;897,75;368,41;5,77;87,99;0,92;0,00;865,06;22,23
15.12.2025;20:00;6.602,93;3.237,86;1.025,37;980,46;391,40;5,77;85,19;0,92;0,00;853,73;22,23
15.12.2025;21:00;5.893,84;2.928,86;1.031,31;579,42;382,82;5,77;87,50;0,92;0,00;855,02;22,22
15.12.2025;22:00;5.693,53;3.012,76;1.035,53;359,28;339,75;5,26;87,49;0,81;0,00;830,69;21,96
15.12.2025;23:00;5.447,43;2.790,94;1.038,93;396,31;285,66;5,23;73,74;0,82;0,00;833,80;22,00
16.12.2025;00:00;5.187,11;2.532,30;1.044,41;414,98;233,49;5,37;87,48;0,85;0,00;843,20;25,03
16.12.2025;01:00;5.089,10;2.432,03;1.051,11;411,34;235,21;5,39;86,05;0,84;0,00;842,13;25,00
16.12.2025;02:00;5.143,07;2.495,77;1.052,79;408,09;221,86;5,39;85,45;0,83;0,00;847,89;25,00
16.12.2025;03:00;5.309,40;2.721,79;1.053,89;353,59;206,95;5,36;84,81;0,83;0,00;857,18;25,00
16.12.2025;04:00;5.370,55;2.730,05;1.054,30;355,28;252,00;5,31;83,74;0,82;0,00;864,05;25,00
16.12.2025;05:00;5.318,21;2.686,01;1.055,26;362,06;237,88;4,34;84,63;0,83;0,00;862,20;25,00
16.12.2025;06:00;5.281,78;2.604,41;1.056,64;382,10;249,57;4,36;85,11;0,88;1,70;872,01;25,00
16.12.2025;07:00;5.232,20;2.462,02;1.054,92;460,76;245,28;4,38;83,25;0,82;15,15;880,62;25,00
16.12.2025;08:00;5.703,22;2.590,36;1.055,88;555,86;311,74;5,27;87,06;0,93;196,82;877,03;22,27
16.12.2025;09:00;5.992,53;2.531,53;1.057,15;521,81;317,35;5,89;87,43;0,93;546,28;900,67;23,49
16.12.2025;10:00;6.477,43;2.595,48;1.057,35;548,55;307,10;5,87;86,16;0,95;938,20;913,10;24,67
16.12.2025;11:00;6.249,95;2.651,73;1.049,87;511,96;268,68;6,49;88,04;1,00;745,48;901,17;25,53
16.12.2025;12:00;6.168,94;2.661,99;1.041,54;450,34;286,70;6,98;88,59;0,97;697,00;909,23;25,60
16.12.2025;13:00;5.988,09;2.666,67;1.031,64;433,63;279,35;6,99;87,22;0,98;558,41;897,20;26,00
16.12.2025;14:00;6.122,16;2.835,26;1.022,56;532,97;294,08;5,70;87,01;0,91;440,54;877,91;25,22
16.12.2025;15:00;6.107,22;2.875,87;1.006,39;699,22;281,28;6,85;87,58;0,91;267,66;857,88;23,58
16.12.2025;16:00;5.994,53;2.826,69;1.001,64;795,58;287,45;6,78;83,30;0,92;120,25;849,11;22,81
16.12.2025;17:00;6.371,41;3.010,02;1.009,30;757,95;379,01;6,89;81,52;0,80;232,00;871,69;22,23
16.12.2025;18:00;6.814,35;3.508,86;1.028,60;896,76;404,56;4,99;87,96;0,83;0,00;856,63;25,16
16.12.2025;19:00;7.025,33;3.711,87;1.031,68;919,20;370,73;5,91;88,78;0,83;0,00;871,31;25,02
16.12.2025;20:00;7.192,75;3.802,48;1.037,58;1.000,78;358,74;4,95;90,10;0,83;0,00;872,29;25,00
16.12.2025;21:00;6.730,72;3.881,08;1.038,34;463,23;344,82;4,89;88,59;0,81;0,00;883,96;25,00
16.12.2025;22:00;6.776,71;3.934,25;1.038,10;481,71;320,80;4,89;88,61;0,77;0,00;882,58;25,00
16.12.2025;23:00;6.660,60;3.803,58;1.036,58;492,67;330,55;4,89;88,35;0,78;0,00;878,20;25,00
17.12.2025;00:00;6.810,36;3.679,55;1.037,90;848,49;260,09;5,69;88,56;0,83;0,00;864,17;25,08
17.12.2025;01:00;6.465,62;3.358,69;1.038,46;801,70;280,31;5,88;84,73;0,83;0,00;870,02;25,00
17.12.2025;02:00;6.185,83;3.090,82;1.041,99;788,10;273,04;5,87;84,56;0,83;0,00;875,62;25,00
17.12.2025;03:00;5.831,28;2.862,79;1.040,83;675,70;262,58;5,29;84,10;0,83;0,00;874,16;25,00
17.12.2025;04:00;5.691,14;2.712,84;1.033,22;705,01;256,51;4,88;84,54;0,84;0,00;868,30;25,00
17.12.2025;05:00;5.711,87;2.673,96;1.034,73;791,43;255,17;4,89;84,40;0,83;0,00;841,46;25,00
17.12.2025;06:00;5.792,15;2.773,89;1.033,50;755,38;256,64;4,86;84,60;0,85;1,44;855,90;25,09
17.12.2025;07:00;5.813,43;2.761,16;1.010,59;799,59;240,08;4,86;84,55;0,83;17,84;868,93;25,00
17.12.2025;08:00;5.948,78;2.616,62;1.010,94;868,96;272,36;4,87;88,19;1,03;197,18;866,16;22,47
17.12.2025;09:00;6.614,21;2.712,23;1.016,59;747,69;280,75;4,87;86,84;1,00;856,32;884,43;23,49
17.12.2025;10:00;6.719,55;2.558,74;1.018,09;746,36;288,44;4,85;88,06;0,99;1.097,03;892,18;24,81
17.12.2025;11:00;6.051,80;2.242,64;1.014,67;577,06;272,82;4,61;86,38;0,99;944,01;882,95;25,67
17.12.2025;12:00;5.031,32;1.823,95;1.002,92;457,23;239,97;4,83;87,60;0,99;501,01;886,76;26,06
17.12.2025;13:00;5.190,51;1.574,27;992,03;465,69;243,85;4,83;87,57;0,99;911,48;883,53;26,27
17.12.2025;14:00;4.983,66;1.330,17;985,98;591,87;249,81;4,82;86,82;0,98;831,37;876,41;25,43
17.12.2025;15:00;5.169,28;1.084,71;976,13;952,43;258,79;4,79;88,29;0,95;922,41;856,67;24,11
17.12.2025;16:00;4.472,27;984,59;972,63;975,04;274,06;4,81;86,36;0,69;310,34;840,26;23,49
17.12.2025;17:00;4.512,94;1.072,04;979,25;1.227,50;279,96;4,85;86,40;0,80;13,70;826,09;22,35
17.12.2025;18:00;4.498,95;1.176,97;996,50;1.047,19;321,51;4,92;87,84;0,80;0,00;837,96;25,26
17.12.2025;19:00;4.395,15;1.178,38;999,16;972,76;275,52;4,88;87,39;0,81;0,00;851,01;25,24
17.12.2025;20:00;4.464,32;1.203,54;1.006,84;944,49;315,12;4,88;83,94;0,82;0,00;879,69;25,00
17.12.2025;21:00;4.077,87;1.074,93;1.012,18;663,36;340,94;4,88;84,00;0,82;0,00;871,75;25,01
17.12.2025;22:00;3.923,21;985,66;1.015,90;600,09;324,10;4,88;83,76;0,81;0,00;883,01;25,00
17.12.2025;23:00;3.828,56;951,16;1.017,17;584,04;275,75;4,87;84,61;0,76;0,00;885,20;25,00
18.12.2025;00:00;3.812,19;942,22;1.020,82;600,60;232,73;2,30;84,58;0,82;0,00;903,12;25,00
18.12.2025;01:00;3.768,71;901,89;1.020,50;603,22;226,72;3,81;83,33;0,84;0,00;903,40;25,00
18.12.2025;02:00;3.688,52;859,41;1.005,11;618,48;193,36;3,84;81,46;0,82;0,00;901,04;25,00
18.12.2025;03:00;3.434,59;788,35;1.002,97;437,82;192,29;3,81;80,34;0,83;0,00;903,18;25,00
18.12.2025;04:00;3.315,08;702,89;1.004,29;431,12;177,87;4,35;81,42;0,84;0,00;887,30;25,00
18.12.2025;05:00;3.247,68;614,53;1.007,49;437,18;181,33;4,18;82,66;0,99;0,00;894,32;25,00
18.12.2025;06:00;3.347,86;602,47;1.013,88;521,47;193,25;3,78;85,32;0,99;1,69;900,01;25,00
18.12.2025;07:00;3.595,08;619,05;980,85;768,82;190,38;3,81;83,38;1,00;21,66;901,13;25,00
18.12.2025;08:00;4.100,72;752,33;981,96;924,73;218,74;3,84;81,28;0,98;216,89;897,68;22,29
18.12.2025;09:00;4.780,37;844,74;984,59;815,19;255,59;3,83;81,97;1,02;850,57;919,24;23,63
18.12.2025;10:00;5.367,59;923,23;986,03;993,36;255,62;3,83;83,86;0,99;1.156,17;939,80;24,70
18.12.2025;11:00;5.044,45;921,54;998,68;694,38;237,63;3,84;84,93;0,99;1.130,33;946,64;25,49
18.12.2025;12:00;4.984,13;872,62;1.006,69;698,95;239,51;3,68;85,37;0,97;1.086,49;963,94;25,91
18.12.2025;13:00;4.903,34;843,78;1.012,12;680,86;218,85;4,14;83,60;0,99;1.086,88;946,21;25,91
18.12.2025;14:00;4.952,40;772,05;1.008,88;835,76;203,06;3,83;84,90;0,96;1.079,67;937,94;25,35
18.12.2025;15:00;4.981,02;607,46;1.003,22;1.177,03;252,02;3,84;84,29;0,89;908,79;919,02;24,46
18.12.2025;16:00;4.283,99;501,38;999,03;1.223,21;269,07;3,83;84,58;0,87;278,02;900,55;23,45
18.12.2025;17:00;4.211,64;480,68;1.007,60;1.450,29;240,30;3,84;85,29;0,89;19,90;900,47;22,38
18.12.2025;18:00;4.271,28;558,15;1.021,99;1.380,77;295,69;3,83;84,87;0,88;0,00;899,81;25,29
18.12.2025;19:00;4.151,21;577,94;1.028,86;1.269,80;257,30;3,83;84,80;0,87;0,00;902,80;25,01
18.12.2025;20:00;3.919,14;549,58;1.034,89;986,54;338,62;3,83;84,98;0,87;0,00;894,83;25,00
18.12.2025;21:00;3.551,80;530,14;1.031,51;650,67;328,21;3,83;83,71;0,89;0,00;897,84;25,00
18.12.2025;22:00;3.437,54;495,82;1.034,13;612,44;288,24;3,80;82,31;0,89;0,00;894,91;25,00
18.12.2025;23:00;3.294,89;449,28;1.039,18;586,46;226,47;3,33;83,76;0,90;0,00;880,60;24,91
19.12.2025;00:00;3.062,74;416,87;1.041,15;431,52;196,49;3,82;84,51;0,90;0,00;877,48;10,00
19.12.2025;01:00;3.123,31;446,51;1.041,24;428,13;229,46;4,78;84,39;0,89;0,00;877,91;10,00
19.12.2025;02:00;3.144,73;485,59;1.044,57;419,57;204,35;3,70;84,08;0,89;0,00;891,98;10,00
19.12.2025;03:00;3.142,77;528,12;1.043,66;422,21;163,75;3,73;82,41;0,88;0,00;888,01;10,00
19.12.2025;04:00;3.167,24;571,48;1.045,13;403,97;160,56;3,74;83,01;0,89;0,00;888,46;10,00
19.12.2025;05:00;3.199,17;638,19;1.018,99;395,38;159,54;2,64;83,80;0,89;0,00;889,74;10,00
19.12.2025;06:00;3.365,71;715,58;1.044,88;455,04;160,98;3,69;83,31;0,91;1,96;889,36;10,00
19.12.2025;07:00;3.623,51;785,20;1.038,57;624,61;156,50;3,70;81,61;0,91;18,80;903,61;10,00
19.12.2025;08:00;3.943,80;854,05;1.042,45;646,27;184,47;3,70;85,68;0,90;197,40;903,72;25,16
19.12.2025;09:00;4.521,35;975,40;1.047,95;573,43;213,62;3,72;85,44;0,90;698,63;897,39;24,87
19.12.2025;10:00;5.042,76;1.084,51;1.043,50;594,11;206,37;3,72;86,62;0,90;1.088,24;907,39;27,40
19.12.2025;11:00;5.109,76;1.096,82;1.040,55;611,25;253,33;2,20;87,27;0,90;1.079,59;909,45;28,40
19.12.2025;12:00;5.011,63;1.094,44;1.037,78;539,39;234,43;3,69;88,30;0,88;1.057,22;926,69;28,81
19.12.2025;13:00;4.944,68;1.100,47;1.029,33;529,02;162,13;3,73;85,88;0,88;1.054,30;950,04;28,90
19.12.2025;14:00;4.936,05;1.065,64;1.013,03;600,34;152,30;3,72;85,85;0,88;1.041,48;944,49;28,32
19.12.2025;15:00;5.145,67;1.070,91;1.014,75;999,96;150,10;3,73;85,22;0,81;872,60;920,14;27,45
19.12.2025;16:00;4.727,36;1.287,41;1.009,93;919,03;194,20;3,67;84,97;0,81;296,23;904,69;26,42
19.12.2025;17:00;4.739,99;1.559,21;1.017,08;897,29;257,79;2,20;86,22;0,81;14,05;880,31;25,03
19.12.2025;18:00;4.883,21;1.781,35;1.030,09;774,43;287,42;3,69;86,10;0,81;0,00;894,32;25,00
19.12.2025;19:00;5.036,23;1.989,70;1.039,01;737,13;262,36;3,77;84,24;0,83;0,00;894,19;25,00
19.12.2025;20:00;5.242,81;2.155,24;1.043,15;806,51;237,29;3,74;85,17;0,81;0,00;887,66;23,24
19.12.2025;21:00;5.099,67;2.362,54;1.043,75;478,23;215,84;3,74;84,18;0,85;0,00;885,53;25,01
19.12.2025;22:00;5.043,90;2.372,72;1.045,11;429,80;191,85;3,71;83,86;0,78;0,00;891,07;25,00
19.12.2025;23:00;4.964,29;2.257,15;1.048,67;449,69;231,92;2,88;70,91;0,82;0,00;877,25;25,00
20.12.2025;00:00;4.653,84;2.184,88;1.046,02;253,46;177,24;3,73;83,20;0,84;0,00;894,47;10,00
20.12.2025;01:00;4.725,47;2.161,90;1.048,21;341,76;193,04;3,73;83,08;0,83;0,00;882,92;10,00
20.12.2025;02:00;4.844,16;2.257,81;1.035,00;373,52;189,72;3,73;83,81;0,83;0,00;889,74;10,00
20.12.2025;03:00;4.858,46;2.393,13;1.049,87;247,77;160,03;3,73;81,73;0,84;0,00;911,36;10,00
20.12.2025;04:00;4.864,49;2.424,96;1.050,22;225,98;157,27;2,35;81,67;0,83;0,00;911,21;10,00
20.12.2025;05:00;4.862,11;2.444,42;1.051,96;226,87;149,08;3,59;82,42;0,83;0,00;892,94;10,00
20.12.2025;06:00;4.948,51;2.499,04;1.051,38;273,39;156,65;3,80;82,64;0,84;1,10;869,67;10,00
20.12.2025;07:00;5.241,43;2.505,75;1.051,91;548,66;141,14;3,77;81,40;0,86;16,59;881,35;10,00
20.12.2025;08:00;5.418,97;2.455,25;1.049,15;555,29;227,76;3,74;83,88;0,84;153,20;879,76;10,10
20.12.2025;09:00;6.100,82;2.630,55;1.052,36;664,89;232,00;2,22;82,38;0,85;536,47;887,31;11,79
20.12.2025;10:00;6.467,22;2.704,89;1.051,14;675,29;177,62;3,75;77,11;0,83;845,37;903,54;27,68
20.12.2025;11:00;6.328,74;2.649,41;1.046,02;459,57;187,30;3,73;85,26;0,87;960,16;908,07;28,35
20.12.2025;12:00;6.224,95;2.635,92;1.043,44;392,71;168,03;2,26;87,01;0,34;968,11;899,40;27,73
20.12.2025;13:00;5.914,34;2.335,70;1.041,70;386,20;185,55;3,88;84,92;0,37;938,66;910,07;27,29
20.12.2025;14:00;5.824,32;2.278,02;1.032,49;463,44;177,78;2,41;85,85;0,86;840,44;915,42;27,61
20.12.2025;15:00;5.967,88;2.339,57;1.023,60;887,11;175,65;3,65;82,71;0,87;519,12;907,71;27,89
20.12.2025;16:00;5.496,45;2.260,44;1.023,81;888,60;172,88;3,78;85,22;0,86;133,13;901,45;26,28
20.12.2025;17:00;5.542,58;2.381,08;1.018,99;899,55;210,41;3,73;85,25;0,85;11,09;906,22;25,41
20.12.2025;18:00;5.911,16;2.642,82;1.026,73;966,94;244,91;3,71;85,61;0,85;0,03;914,07;25,49
20.12.2025;19:00;5.744,93;2.500,80;1.025,80;962,07;228,90;2,20;84,25;0,85;0,00;915,06;25,00
20.12.2025;20:00;5.709,39;2.338,13;1.025,87;1.050,78;272,00;3,68;85,54;0,85;0,00;907,54;25,00
20.12.2025;21:00;5.378,19;2.399,99;1.027,40;635,34;280,33;3,79;84,03;0,85;0,00;921,46;25,00
20.12.2025;22:00;5.061,57;2.289,17;1.030,55;486,59;246,61;3,73;81,84;0,85;0,00;897,23;25,00
20.12.2025;23:00;4.887,31;2.149,23;1.009,87;489,89;225,53;3,70;82,31;0,85;0,00;900,93;25,00
21.12.2025;00:00;4.596,53;1.972,14;1.010,83;463,47;155,58;2,20;82,98;0,82;0,00;883,51;25,00
21.12.2025;01:00;4.609,19;1.896,50;1.012,59;502,16;192,24;2,20;82,55;0,82;0,00;895,13;25,00
21.12.2025;02:00;4.715,62;1.948,20;1.015,01;537,30;201,70;3,95;83,01;0,68;0,00;900,77;25,00
21.12.2025;03:00;4.613,02;1.926,06;1.014,43;471,78;184,40;3,73;81,34;0,68;0,00;905,60;25,00
21.12.2025;04:00;4.309,05;1.619,66;1.010,45;494,65;159,48;3,71;81,26;0,69;0,00;914,15;25,00
21.12.2025;05:00;4.350,35;1.645,95;1.010,80;498,46;175,56;2,20;80,93;0,69;0,00;910,76;25,00
21.12.2025;06:00;4.316,25;1.714,89;1.011,52;410,05;155,77;3,98;81,73;0,71;0,42;912,18;25,00
21.12.2025;07:00;4.458,67;1.766,21;1.011,11;495,13;152,31;3,79;79,79;0,71;9,87;914,75;25,00
21.12.2025;08:00;5.342,11;1.798,80;1.012,71;1.302,08;146,76;3,73;82,84;0,69;66,14;903,18;25,18
21.12.2025;09:00;5.497,91;1.828,51;1.011,16;1.309,67;172,51;2,20;82,06;0,71;158,46;906,26;26,37
21.12.2025;10:00;5.650,05;1.734,60;1.019,55;1.411,72;170,97;2,20;82,28;0,60;300,38;900,30;27,45
21.12.2025;11:00;6.032,80;1.767,14;1.032,10;1.413,65;178,00;3,68;82,02;0,58;610,76;917,21;27,66
21.12.2025;12:00;6.010,60;1.700,06;1.021,82;1.423,56;164,00;3,67;82,89;0,59;671,24;930,56;12,21
21.12.2025;13:00;5.802,55;1.656,48;1.021,16;1.314,45;124,83;2,20;82,25;0,00;657,39;932,48;11,31
21.12.2025;14:00;5.518,18;1.612,71;1.010,84;1.280,21;127,12;3,62;83,43;0,00;471,99;916,13;12,13
21.12.2025;15:00;5.307,37;1.636,94;1.002,99;1.169,47;141,53;3,71;79,29;0,00;349,96;911,88;11,60
21.12.2025;16:00;5.303,58;1.767,77;998,92;1.046,69;228,73;3,71;83,58;0,00;251,05;919,40;3,73
21.12.2025;17:00;5.221,42;1.916,22;1.002,10;1.066,96;242,78;2,20;84,60;0,52;8,89;893,89;3,26
21.12.2025;18:00;5.633,74;2.199,47;1.000,06;1.175,06;264,69;3,68;83,52;0,70;0,00;903,34;3,22
21.12.2025;19:00;5.850,61;2.490,25;998,66;1.117,23;236,19;3,71;83,82;0,62;0,00;917,13;3,00
21.12.2025;20:00;5.871,55;2.588,11;988,69;1.077,33;221,75;3,71;84,02;0,67;0,00;904,27;3,00
21.12.2025;21:00;5.388,44;2.653,11;990,22;520,20;230,41;2,20;82,67;0,63;0,00;906,00;3,00
21.12.2025;22:00;5.180,25;2.644,01;998,22;328,50;205,12;3,71;83,13;0,62;0,00;913,94;3,00
21.12.2025;23:00;5.101,25;2.569,56;1.000,61;369,34;167,57;3,71;82,80;0,62;0,00;904,04;3,00
22.12.2025;00:00;5.651,72;2.631,47;1.004,18;875,65;132,19;2,30;80,60;0,60;0,00;899,68;25,05
22.12.2025;01:00;5.636,52;2.539,41;1.025,82;898,49;158,67;2,30;82,54;0,61;0,00;903,68;25,00
22.12.2025;02:00;5.648,47;2.564,92;1.028,69;886,94;150,58;3,77;82,93;0,61;0,00;905,03;25,00
22.12.2025;03:00;5.586,29;2.528,97;1.023,97;892,90;123,52;3,84;79,57;0,73;0,00;907,79;25,00
22.12.2025;04:00;5.727,58;2.689,58;1.024,47;857,59;130,22;2,30;79,06;0,73;0,00;918,63;25,00
22.12.2025;05:00;5.922,79;2.922,53;1.025,71;816,60;134,12;2,30;81,01;0,71;0,00;914,81;25,00
22.12.2025;06:00;5.955,33;3.001,81;1.024,50;750,30;163,39;2,30;80,35;0,75;0,21;906,72;25,00
22.12.2025;07:00;6.172,00;3.079,37;1.021,73;856,26;184,50;4,60;79,27;0,72;7,07;913,48;25,00
22.12.2025;08:00;6.330,75;3.166,94;1.012,69;861,31;186,14;3,85;83,49;0,77;74,81;915,57;25,18
22.12.2025;09:00;6.539,87;3.238,14;1.019,69;830,80;215,85;2,30;83,37;0,74;186,67;935,97;26,34
22.12.2025;10:00;6.807,51;3.318,79;997,24;953,41;193,85;2,30;82,85;0,75;310,43;920,42;27,47
22.12.2025;11:00;6.851,24;3.405,24;995,91;678,51;197,41;3,97;83,95;0,75;513,77;943,29;28,44
22.12.2025;12:00;6.904,57;3.458,38;985,02;704,21;216,60;3,80;84,20;0,62;516,74;906,90;28,10
22.12.2025;13:00;6.779,63;3.353,37;999,00;760,39;236,59;3,82;83,09;0,63;374,72;941,36;26,66
22.12.2025;14:00;6.664,39;3.297,18;996,83;772,70;223,23;2,30;83,02;0,72;331,03;931,21;26,17
22.12.2025;15:00;6.899,86;3.462,15;988,31;1.021,29;208,73;2,30;82,74;0,69;203,68;904,19;25,78
22.12.2025;16:00;7.030,85;3.616,12;990,88;1.083,30;268,03;3,86;83,23;0,58;63,30;896,09;25,46
22.12.2025;17:00;7.079,40;3.805,80;997,12;1.004,11;251,61;3,84;85,64;0,58;4,20;901,17;25,33
22.12.2025;18:00;7.289,08;4.067,96;998,05;944,83;265,34;3,82;85,35;0,55;0,00;898,18;25,00
22.12.2025;19:00;7.377,86;4.158,76;987,97;971,98;249,88;2,30;85,64;0,55;0,00;895,78;25,00
22.12.2025;20:00;7.271,86;3.990,56;1.003,16;1.024,81;255,77;2,30;84,78;0,58;0,00;884,88;25,02
22.12.2025;21:00;6.829,92;3.961,08;1.005,01;644,90;226,67;2,61;84,29;0,55;0,00;879,81;25,00
22.12.2025;22:00;6.823,06;4.007,69;1.005,10;598,84;216,91;3,88;84,50;0,56;0,00;880,58;25,00
22.12.2025;23:00;6.911,95;4.082,57;1.014,40;613,17;228,63;3,85;84,68;0,57;0,00;859,08;25,00
23.12.2025;00:00;6.830,66;4.025,65;1.015,73;628,40;186,73;3,83;83,41;0,54;0,00;876,37;10,00
23.12.2025;01:00;6.880,02;4.110,05;1.016,22;586,63;204,28;2,35;83,30;0,56;0,00;866,63;10,00
23.12.2025;02:00;6.878,43;4.160,63;1.017,30;549,86;189,44;3,79;83,38;0,56;0,00;863,47;10,00
23.12.2025;03:00;6.766,95;4.166,77;1.021,03;470,06;154,83;2,31;82,46;0,56;0,00;858,93;10,00
23.12.2025;04:00;6.713,95;4.082,75;1.022,44;520,67;141,85;3,82;81,56;0,57;0,00;850,29;10,00
23.12.2025;05:00;6.532,58;3.902,93;1.024,14;522,43;143,94;3,80;82,31;0,57;0,00;842,46;10,00
23.12.2025;06:00;6.477,02;3.797,09;1.025,59;512,63;183,87;3,81;81,79;0,59;0,64;861,01;10,00
23.12.2025;07:00;6.453,55;3.683,63;1.025,02;557,73;232,77;2,30;81,89;0,59;7,47;852,15;10,00
23.12.2025;08:00;6.614,09;3.723,10;1.025,66;677,99;176,34;2,30;86,03;0,59;73,10;838,82;10,16
23.12.2025;09:00;6.609,45;3.537,78;1.002,93;714,39;180,44;2,60;86,12;0,58;226,17;847,83;10,61
23.12.2025;10:00;6.491,34;3.247,54;970,59;697,21;178,94;3,81;83,90;0,58;435,14;863,25;10,38
23.12.2025;11:00;6.225,24;2.975,25;960,76;634,11;218,94;3,81;87,99;0,59;487,24;844,11;12,44
23.12.2025;12:00;6.045,75;2.729,16;955,49;584,42;236,70;3,79;86,33;0,71;590,77;831,85;26,53
23.12.2025;13:00;5.970,02;2.397,63;977,82;589,17;248,26;2,30;84,41;0,71;813,39;829,93;26,40
23.12.2025;14:00;5.779,22;2.219,11;971,31;613,83;245,78;2,30;83,94;0,71;779,09;835,47;27,68
23.12.2025;15:00;5.778,99;2.148,32;969,91;901,33;238,03;3,57;84,02;0,71;571,77;836,16;25,17
23.12.2025;16:00;5.293,37;2.044,72;966,44;859,95;274,74;3,81;84,05;0,73;210,86;822,65;25,42
23.12.2025;17:00;4.847,28;1.814,94;966,58;864,48;245,51;3,81;84,17;0,72;11,13;830,71;25,23
23.12.2025;18:00;4.716,81;1.664,95;975,92;865,07;258,29;3,80;83,74;0,71;0,00;839,10;25,23
23.12.2025;19:00;4.653,80;1.556,18;994,15;891,98;255,24;2,30;85,32;0,72;0,00;842,91;25,00
23.12.2025;20:00;4.680,67;1.570,58;991,71;885,12;281,40;2,30;83,45;0,71;0,00;840,40;25,00
23.12.2025;21:00;4.455,47;1.502,51;995,20;710,68;304,75;2,30;85,09;0,71;0,00;829,23;25,00
23.12.2025;22:00;4.209,33;1.368,00;996,04;604,05;299,75;3,81;85,33;0,72;0,00;826,63;25,00
23.12.2025;23:00;4.071,17;1.338,59;973,45;570,95;238,60;3,87;85,88;0,73;0,00;834,10;25,00
24.12.2025;00:00;3.869,40;1.282,80;996,37;406,90;223,62;3,84;84,32;0,70;0,00;845,85;25,00
24.12.2025;01:00;3.800,68;1.235,02;999,36;387,69;208,45;2,30;85,26;0,71;0,00;856,89;25,00
24.12.2025;02:00;3.573,88;1.110,33;999,70;299,91;175,23;2,30;85,29;0,72;0,00;875,40;25,00
24.12.2025;03:00;3.483,83;1.065,56;990,46;249,03;182,35;3,74;84,10;0,72;0,00;882,87;25,00
24.12.2025;04:00;3.474,43;1.045,54;997,75;264,25;163,06;3,81;83,04;0,72;0,00;891,05;25,21
24.12.2025;05:00;3.401,38;991,71;1.000,20;264,69;157,45;3,81;83,47;0,72;0,00;874,11;25,22
24.12.2025;06:00;3.390,04;952,65;1.001,51;276,72;151,82;2,38;83,69;0,71;0,41;894,92;25,23
24.12.2025;07:00;3.511,10;955,42;1.000,31;397,96;147,00;2,30;82,54;0,71;8,27;891,27;25,32
24.12.2025;08:00;3.802,78;1.047,80;1.000,35;488,36;210,58;3,78;86,80;0,76;57,01;881,72;25,62
24.12.2025;09:00;4.070,74;1.189,68;994,46;447,90;232,82;3,39;86,56;0,75;192,71;896,53;25,94
24.12.2025;10:00;4.288,61;1.171,45;1.001,70;485,38;225,04;2,30;84,53;0,73;377,14;914,18;26,16
24.12.2025;11:00;4.298,17;1.144,18;996,66;428,82;207,44;2,30;83,15;0,73;485,83;921,33;27,73
24.12.2025;12:00;4.262,77;1.179,00;986,67;460,79;199,50;2,30;81,89;0,71;432,08;907,43;12,40
24.12.2025;13:00;4.195,64;1.218,19;975,48;348,51;175,53;2,74;83,11;0,74;465,42;913,39;12,53
24.12.2025;14:00;4.070,67;1.142,41;963,96;401,02;162,89;3,87;85,54;0,71;390,67;908,39;11,21
24.12.2025;15:00;4.033,49;966,21;953,16;642,08;166,99;3,84;85,26;0,71;306,14;897,78;11,32
24.12.2025;16:00;3.942,00;984,67;944,31;687,99;205,52;3,82;84,74;0,71;122,63;896,98;10,63
24.12.2025;17:00;4.128,47;1.259,13;956,21;671,18;247,77;2,30;87,10;0,71;7,00;887,07;10,00
24.12.2025;18:00;4.550,42;1.644,96;965,52;638,45;314,12;3,13;87,04;0,74;0,00;886,46;10,00
24.12.2025;19:00;4.776,37;1.930,81;984,91;574,16;290,14;6,39;86,71;0,74;0,00;892,51;10,00
24.12.2025;20:00;5.103,67;2.239,19;993,42;618,54;259,83;7,11;87,16;0,75;0,00;894,39;3,28
24.12.2025;21:00;5.033,12;2.368,54;1.002,86;403,13;253,52;8,38;87,13;0,73;0,00;905,53;3,30
24.12.2025;22:00;5.020,81;2.300,75;1.003,24;440,21;272,74;8,34;85,56;0,74;0,00;905,82;3,41
24.12.2025;23:00;5.024,45;2.400,26;1.003,23;358,60;256,44;7,47;86,32;0,76;0,00;908,06;3,31
25.12.2025;00:00;5.098,15;2.650,38;1.002,24;259,82;174,45;7,32;84,03;0,72;0,00;894,99;24,20
25.12.2025;01:00;4.990,41;2.473,28;1.006,42;256,98;228,59;7,34;82,98;0,73;0,00;908,74;25,35
25.12.2025;02:00;4.984,26;2.500,08;1.006,94;257,53;191,55;6,54;82,83;0,73;0,00;913,06;25,00
25.12.2025;03:00;4.929,08;2.465,50;985,03;265,40;184,94;6,40;81,06;0,73;0,00;915,02;25,00
25.12.2025;04:00;4.761,40;2.285,36;989,97;276,97;186,39;5,03;79,82;0,74;0,00;912,12;25,00
25.12.2025;05:00;4.885,48;2.340,13;999,37;304,17;212,99;7,28;81,48;0,72;0,00;914,34;25,00
25.12.2025;06:00;4.938,89;2.320,20;1.004,53;406,27;183,53;6,43;81,09;0,73;0,18;910,93;25,00
25.12.2025;07:00;4.844,29;2.205,32;1.007,85;420,81;175,29;5,93;79,53;0,73;6,02;917,81;25,00
25.12.2025;08:00;5.191,53;2.436,02;1.003,50;485,14;175,63;5,90;84,72;0,75;56,48;918,13;25,26
25.12.2025;09:00;5.565,07;2.640,81;991,14;476,87;223,67;5,85;84,55;0,73;214,68;900,95;25,82
25.12.2025;10:00;5.872,39;2.819,13;974,06;443,49;191,44;4,02;85,30;0,70;415,64;912,20;26,41
25.12.2025;11:00;5.705,06;2.713,96;978,27;363,19;237,13;5,94;84,63;0,72;373,51;921,30;26,41
25.12.2025;12:00;5.531,39;2.417,69;976,58;430,15;232,97;5,82;85,56;0,70;461,11;909,37;11,44
25.12.2025;13:00;5.108,94;2.084,89;981,23;405,64;196,20;5,91;85,00;0,70;427,97;908,93;12,47
25.12.2025;14:00;4.761,62;1.921,16;970,92;389,31;184,10;6,87;86,28;0,70;292,71;897,76;11,81
25.12.2025;15:00;4.897,33;1.962,40;971,23;604,48;175,27;5,45;85,72;0,82;187,34;893,02;11,60
25.12.2025;16:00;4.976,05;2.004,92;971,20;665,14;190,18;5,33;85,80;0,82;161,74;879,93;10,99
25.12.2025;17:00;4.882,51;2.059,64;977,16;625,86;222,12;4,49;85,79;0,82;27,62;868,73;10,28
25.12.2025;18:00;5.182,32;2.165,17;988,21;770,74;275,55;5,34;85,86;0,82;0,00;880,40;10,23
25.12.2025;19:00;5.388,98;2.326,13;1.006,34;804,35;273,21;5,38;84,64;0,73;0,00;878,22;9,98
25.12.2025;20:00;5.557,11;2.426,90;1.014,40;886,00;258,67;5,36;84,77;0,74;0,00;877,27;3,00
25.12.2025;21:00;5.202,17;2.577,71;1.019,84;370,80;266,90;5,33;82,27;0,71;0,00;875,61;3,00
25.12.2025;22:00;5.317,87;2.814,84;1.022,07;285,30;228,75;3,87;81,39;0,72;0,00;877,93;3,00
25.12.2025;23:00;5.597,70;3.051,64;1.026,11;338,24;224,48;2,30;82,32;0,73;0,00;868,88;3,00
26.12.2025;00:00;5.846,03;3.250,47;1.028,99;390,08;180,20;5,29;81,31;0,80;0,00;883,80;25,09
26.12.2025;01:00;6.235,72;3.540,16;1.031,90;481,89;192,81;5,33;81,13;0,81;0,00;876,69;25,00
26.12.2025;02:00;6.317,95;3.735,02;1.029,99;368,42;193,75;4,92;81,69;0,83;0,00;878,33;25,00
26.12.2025;03:00;6.327,32;3.917,93;1.032,92;170,30;218,85;4,83;80,97;0,81;0,00;875,71;25,00
26.12.2025;04:00;6.428,36;4.034,61;1.035,39;178,36;202,44;4,83;79,43;0,81;0,00;867,49;25,00
26.12.2025;05:00;6.349,23;3.988,55;1.026,93;165,84;186,60;4,37;80,26;0,81;0,00;870,87;25,00
26.12.2025;06:00;6.299,13;3.806,70;1.015,08;290,26;207,10;5,32;81,45;0,80;0,23;867,19;25,00
26.12.2025;07:00;6.057,01;3.494,93;998,78;428,32;165,03;4,45;71,76;0,82;4,03;863,89;25,00
26.12.2025;08:00;5.784,75;3.260,04;971,97;349,20;187,13;5,42;81,29;0,81;37,14;866,29;25,46
26.12.2025;09:00;5.710,34;3.113,35;968,02;337,34;197,05;5,40;76,54;0,81;130,72;854,61;26,50
26.12.2025;10:00;5.625,02;2.917,77;971,13;395,87;176,73;5,35;77,77;0,81;184,66;882,15;12,78
26.12.2025;11:00;5.410,36;2.641,72;968,24;367,84;184,78;5,35;83,34;0,81;261,80;883,91;12,57
26.12.2025;12:00;5.288,92;2.356,14;968,83;452,78;211,84;4,49;83,25;0,90;312,48;884,32;13,89
26.12.2025;13:00;5.013,91;2.150,74;982,35;376,68;220,02;4,48;79,80;0,93;296,33;889,23;13,35
26.12.2025;14:00;4.702,66;1.884,23;993,45;429,74;191,37;4,38;84,05;0,93;231,22;871,03;12,26
26.12.2025;15:00;4.445,28;1.570,57;994,90;434,26;215,45;4,82;84,90;0,94;253,98;873,65;11,81
26.12.2025;16:00;4.100,90;1.392,60;991,38;468,02;210,26;5,85;86,14;0,90;77,21;857,47;11,07
26.12.2025;17:00;4.149,10;1.332,72;996,26;612,91;241,13;5,81;86,16;0,93;7,63;855,24;10,31
26.12.2025;18:00;4.235,47;1.440,76;1.008,05;584,90;245,21;5,82;85,18;0,90;0,00;854,42;10,23
26.12.2025;19:00;4.500,04;1.637,82;1.017,32;591,02;286,40;4,45;85,03;0,91;0,00;867,09;10,00
26.12.2025;20:00;4.524,33;1.676,50;1.020,82;606,03;260,77;4,42;85,88;0,92;0,00;865,99;3,00
26.12.2025;21:00;4.431,09;1.814,67;1.023,44;397,26;227,61;5,36;85,23;0,93;0,00;873,59;3,00
26.12.2025;22:00;4.465,78;1.819,96;1.025,75;429,32;227,86;5,36;83,42;0,82;0,00;870,29;3,00
26.12.2025;23:00;4.456,65;1.929,45;1.013,19;348,03;229,78;5,36;84,43;0,82;0,00;842,59;3,00
27.12.2025;00:00;4.599,07;2.134,17;1.021,03;292,95;194,95;5,34;82,04;0,98;0,00;842,61;25,00
27.12.2025;01:00;4.981,95;2.511,38;1.029,34;290,25;201,59;5,34;79,30;1,00;0,00;838,75;25,00
27.12.2025;02:00;5.363,81;2.873,63;1.032,53;297,32;208,68;4,53;79,54;1,00;0,00;841,58;25,00
27.12.2025;03:00;5.724,87;3.249,14;1.034,67;272,17;228,57;4,44;78,35;1,01;0,00;831,52;25,00
27.12.2025;04:00;6.245,35;3.782,47;1.036,35;268,63;226,51;6,37;78,12;1,03;0,00;820,87;25,00
27.12.2025;05:00;6.587,21;4.092,15;982,14;294,91;265,56;6,81;78,34;1,02;0,00;841,28;25,00
27.12.2025;06:00;6.971,70;4.435,28;1.037,14;352,14;201,09;6,32;78,62;1,00;0,00;835,11;25,00
27.12.2025;07:00;7.576,67;4.665,77;1.037,55;723,50;194,92;5,71;78,67;1,00;0,50;844,13;24,92
27.12.2025;08:00;7.806,11;4.710,61;985,08;924,06;245,29;6,52;81,45;1,04;19,06;822,66;10,34
27.12.2025;09:00;8.033,29;4.730,50;1.038,15;990,22;250,26;6,19;81,95;1,01;124,39;799,97;10,65
27.12.2025;10:00;8.233,85;4.807,38;1.026,78;1.021,58;201,67;7,24;80,18;1,02;286,00;790,58;11,42
27.12.2025;11:00;8.224,28;4.992,68;1.038,38;828,15;217,78;8,34;78,33;1,04;276,27;772,21;11,10
27.12.2025;12:00;8.466,64;5.073,15;1.027,05;910,16;260,06;8,32;79,12;0,00;358,81;739,67;10,30
27.12.2025;13:00;8.273,74;5.082,27;1.025,89;777,39;257,84;8,03;63,52;0,00;343,55;704,99;10,26
27.12.2025;14:00;7.774,97;4.697,05;918,84;766,96;210,40;8,71;61,99;0,00;524,97;575,82;10,23
